﻿pos_x,pos_y,rotation,side,designator,mpn,pack,value,mount_type,place
421.48125,-210.34375,0.0,top,?,,VesselLogoPCB,?,tht,False
410.821,-52.4059,45.0,top,C1,,C_0805_2012Metric_Pad1.18x1.45mm_HandSolder,22pF,smt,True
410.3671,-68.1406,-135.0,bottom,C2,,C_0805_2012Metric_Pad1.18x1.45mm_HandSolder,1uf,smt,True
417.171,-58.5121,-135.0,top,C3,,C_0805_2012Metric_Pad1.18x1.45mm_HandSolder,22pF,smt,True
420.6875,-215.9,180.0,top,C5,,C_0805_2012Metric_Pad1.18x1.45mm_HandSolder,22uF,smt,True
107.95,-86.5187,90.0,bottom,D1,,D_SOD-123,D_Small,smt,True
298.45,-86.5187,90.0,bottom,D10,,D_SOD-123,D_Small,smt,True
355.6,-210.3437,90.0,bottom,D100,,D_SOD-123,D_Small,smt,True
374.65,-210.3437,90.0,bottom,D101,,D_SOD-123,D_Small,smt,True
393.7,-210.3437,90.0,bottom,D102,,D_SOD-123,D_Small,smt,True
420.6188,-211.9187,0.0,top,D103,,LED_Inolux_IN-PI554FCH_PLCC4_5.0x5.0mm_P3.2mm,Inolux_IN-PI554FCH,smt,True
322.2625,-86.5187,90.0,bottom,D11,,D_SOD-123,D_Small,smt,True
341.3125,-86.5187,90.0,bottom,D12,,D_SOD-123,D_Small,smt,True
388.9375,-86.5187,90.0,bottom,D13,,D_SOD-123,D_Small,smt,True
407.9875,-86.5187,90.0,bottom,D14,,D_SOD-123,D_Small,smt,True
427.0375,-86.4562,90.0,bottom,D15,,D_SOD-123,D_Small,smt,True
107.95,-110.3312,90.0,bottom,D16,,D_SOD-123,D_Small,smt,True
136.525,-110.3312,90.0,bottom,D17,,D_SOD-123,D_Small,smt,True
155.575,-110.3312,90.0,bottom,D18,,D_SOD-123,D_Small,smt,True
174.625,-110.3312,90.0,bottom,D19,,D_SOD-123,D_Small,smt,True
127.0,-86.5187,90.0,bottom,D2,,D_SOD-123,D_Small,smt,True
193.675,-110.3312,90.0,bottom,D20,,D_SOD-123,D_Small,smt,True
222.25,-110.2687,90.0,bottom,D21,,D_SOD-123,D_Small,smt,True
241.3,-110.3312,90.0,bottom,D22,,D_SOD-123,D_Small,smt,True
260.35,-110.3312,90.0,bottom,D23,,D_SOD-123,D_Small,smt,True
279.4,-110.3312,90.0,bottom,D24,,D_SOD-123,D_Small,smt,True
307.975,-110.3312,90.0,bottom,D25,,D_SOD-123,D_Small,smt,True
327.025,-110.3312,90.0,bottom,D26,,D_SOD-123,D_Small,smt,True
346.075,-110.3312,90.0,bottom,D27,,D_SOD-123,D_Small,smt,True
365.125,-110.3312,90.0,bottom,D28,,D_SOD-123,D_Small,smt,True
388.9375,-110.3312,90.0,bottom,D29,,D_SOD-123,D_Small,smt,True
150.8125,-86.5187,90.0,bottom,D3,,D_SOD-123,D_Small,smt,True
407.9875,-110.3312,90.0,bottom,D30,,D_SOD-123,D_Small,smt,True
427.0375,-110.3312,90.0,bottom,D31,,D_SOD-123,D_Small,smt,True
107.95,-134.1437,90.0,bottom,D32,,D_SOD-123,D_Small,smt,True
127.0,-134.1437,90.0,bottom,D33,,D_SOD-123,D_Small,smt,True
146.05,-134.1437,90.0,bottom,D34,,D_SOD-123,D_Small,smt,True
165.1,-134.1437,90.0,bottom,D35,,D_SOD-123,D_Small,smt,True
184.15,-134.1437,90.0,bottom,D36,,D_SOD-123,D_Small,smt,True
203.2,-134.1437,90.0,bottom,D37,,D_SOD-123,D_Small,smt,True
222.25,-134.1437,90.0,bottom,D38,,D_SOD-123,D_Small,smt,True
241.3,-134.1437,90.0,bottom,D39,,D_SOD-123,D_Small,smt,True
169.8625,-86.5187,90.0,bottom,D4,,D_SOD-123,D_Small,smt,True
260.35,-134.1437,90.0,bottom,D40,,D_SOD-123,D_Small,smt,True
279.4,-134.1437,90.0,bottom,D41,,D_SOD-123,D_Small,smt,True
298.45,-134.1437,90.0,bottom,D42,,D_SOD-123,D_Small,smt,True
317.5,-134.1437,90.0,bottom,D43,,D_SOD-123,D_Small,smt,True
336.55,-134.1437,90.0,bottom,D44,,D_SOD-123,D_Small,smt,True
365.125,-134.1437,90.0,bottom,D45,,D_SOD-123,D_Small,smt,True
407.9875,-134.1437,90.0,bottom,D46,,D_SOD-123,D_Small,smt,True
427.0375,-134.1437,90.0,bottom,D47,,D_SOD-123,D_Small,smt,True
112.7125,-153.1937,90.0,bottom,D48,,D_SOD-123,D_Small,smt,True
136.525,-153.1937,90.0,bottom,D49,,D_SOD-123,D_Small,smt,True
193.675,-86.5187,90.0,bottom,D5,,D_SOD-123,D_Small,smt,True
155.575,-153.1937,90.0,bottom,D50,,D_SOD-123,D_Small,smt,True
174.625,-153.1937,90.0,bottom,D51,,D_SOD-123,D_Small,smt,True
193.675,-153.1937,90.0,bottom,D52,,D_SOD-123,D_Small,smt,True
212.725,-153.1312,90.0,bottom,D53,,D_SOD-123,D_Small,smt,True
231.775,-153.1937,90.0,bottom,D54,,D_SOD-123,D_Small,smt,True
250.825,-153.1937,90.0,bottom,D55,,D_SOD-123,D_Small,smt,True
269.875,-153.1937,90.0,bottom,D56,,D_SOD-123,D_Small,smt,True
288.925,-153.1937,90.0,bottom,D57,,D_SOD-123,D_Small,smt,True
307.975,-153.1937,90.0,bottom,D58,,D_SOD-123,D_Small,smt,True
327.025,-153.1937,90.0,bottom,D59,,D_SOD-123,D_Small,smt,True
212.725,-86.5187,90.0,bottom,D6,,D_SOD-123,D_Small,smt,True
346.075,-153.1937,90.0,bottom,D60,,D_SOD-123,D_Small,smt,True
372.2688,-162.7187,90.0,bottom,D61,,D_SOD-123,D_Small,smt,True
407.9875,-153.1937,90.0,bottom,D62,,D_SOD-123,D_Small,smt,True
427.0375,-153.1937,90.0,bottom,D63,,D_SOD-123,D_Small,smt,True
115.0938,-172.2437,90.0,bottom,D64,,D_SOD-123,D_Small,smt,True
141.2875,-172.1812,90.0,bottom,D65,,D_SOD-123,D_Small,smt,True
160.3375,-172.2437,90.0,bottom,D66,,D_SOD-123,D_Small,smt,True
179.3875,-172.2437,90.0,bottom,D67,,D_SOD-123,D_Small,smt,True
198.4375,-172.2437,90.0,bottom,D68,,D_SOD-123,D_Small,smt,True
217.4875,-172.2437,90.0,bottom,D69,,D_SOD-123,D_Small,smt,True
236.5375,-86.5187,90.0,bottom,D7,,D_SOD-123,D_Small,smt,True
236.5375,-172.1812,90.0,bottom,D70,,D_SOD-123,D_Small,smt,True
255.5875,-172.2437,90.0,bottom,D71,,D_SOD-123,D_Small,smt,True
274.6375,-172.2437,90.0,bottom,D72,,D_SOD-123,D_Small,smt,True
293.6875,-172.2437,90.0,bottom,D73,,D_SOD-123,D_Small,smt,True
312.7375,-172.2437,90.0,bottom,D74,,D_SOD-123,D_Small,smt,True
331.7875,-172.2437,90.0,bottom,D75,,D_SOD-123,D_Small,smt,True
350.8375,-172.2437,90.0,bottom,D76,,D_SOD-123,D_Small,smt,True
407.9875,-172.2437,90.0,bottom,D77,,D_SOD-123,D_Small,smt,True
427.0375,-172.3062,90.0,bottom,D78,,D_SOD-123,D_Small,smt,True
110.3313,-191.2937,90.0,bottom,D79,,D_SOD-123,D_Small,smt,True
255.5875,-86.5187,90.0,bottom,D8,,D_SOD-123,D_Small,smt,True
131.7625,-191.2937,90.0,bottom,D80,,D_SOD-123,D_Small,smt,True
150.8125,-191.2937,90.0,bottom,D81,,D_SOD-123,D_Small,smt,True
169.8625,-191.2937,90.0,bottom,D82,,D_SOD-123,D_Small,smt,True
188.9125,-191.2937,90.0,bottom,D83,,D_SOD-123,D_Small,smt,True
207.9625,-191.2937,90.0,bottom,D84,,D_SOD-123,D_Small,smt,True
227.0125,-191.2937,90.0,bottom,D85,,D_SOD-123,D_Small,smt,True
246.0625,-191.2937,90.0,bottom,D86,,D_SOD-123,D_Small,smt,True
265.1125,-191.2937,90.0,bottom,D87,,D_SOD-123,D_Small,smt,True
284.1625,-191.2937,90.0,bottom,D88,,D_SOD-123,D_Small,smt,True
303.2125,-191.2937,90.0,bottom,D89,,D_SOD-123,D_Small,smt,True
279.4,-86.5187,90.0,bottom,D9,,D_SOD-123,D_Small,smt,True
322.2625,-191.2937,90.0,bottom,D90,,D_SOD-123,D_Small,smt,True
348.4563,-191.2937,90.0,bottom,D91,,D_SOD-123,D_Small,smt,True
374.65,-191.2937,90.0,bottom,D92,,D_SOD-123,D_Small,smt,True
427.0375,-191.2937,90.0,bottom,D93,,D_SOD-123,D_Small,smt,True
110.3313,-210.3437,90.0,bottom,D94,,D_SOD-123,D_Small,smt,True
134.1438,-210.3437,90.0,bottom,D95,,D_SOD-123,D_Small,smt,True
157.9563,-210.3437,90.0,bottom,D96,,D_SOD-123,D_Small,smt,True
229.3938,-210.3437,90.0,bottom,D97,,D_SOD-123,D_Small,smt,True
300.8313,-210.3437,90.0,bottom,D98,,D_SOD-123,D_Small,smt,True
324.6438,-210.3437,90.0,bottom,D99,,D_SOD-123,D_Small,smt,True
271.3034,-59.5412,45.0,top,F2,,Fuse_1206_3216Metric_Pad1.42x1.75mm_HandSolder,500mA,smt,True
263.7381,-54.0468,180.0,top,J1,,USB_Mini-B_Lumberg_2486_01_Horizontal,USB_B_Mini,smt,True
104.775,-85.725,0.0,top,MX1,,SW_Cherry_MX_PCB_1.00u,MX_SW_solder,tht,True
295.275,-85.725,0.0,top,MX10,,SW_Cherry_MX_PCB_1.00u,MX_SW_solder,tht,True
352.425,-209.55,0.0,top,MX100,,SW_Cherry_MX_PCB_1.00u,MX_SW_solder,tht,True
371.475,-209.55,0.0,top,MX101,,SW_Cherry_MX_PCB_1.00u,MX_SW_solder,tht,True
390.525,-209.55,0.0,top,MX102,,SW_Cherry_MX_PCB_1.00u,MX_SW_solder,tht,True
319.0875,-85.725,0.0,top,MX11,,SW_Cherry_MX_PCB_1.00u,MX_SW_solder,tht,True
338.1375,-85.725,0.0,top,MX12,,SW_Cherry_MX_PCB_1.00u,MX_SW_solder,tht,True
385.7625,-85.725,0.0,top,MX13,,SW_Cherry_MX_PCB_1.00u,MX_SW_solder,tht,True
404.8125,-85.725,0.0,top,MX14,,SW_Cherry_MX_PCB_1.00u,MX_SW_solder,tht,True
423.8625,-85.725,0.0,top,MX15,,SW_Cherry_MX_PCB_1.00u,MX_SW_solder,tht,True
104.775,-109.5375,0.0,top,MX16,,SW_Cherry_MX_PCB_1.00u,MX_SW_solder,tht,True
133.35,-109.5375,0.0,top,MX17,,SW_Cherry_MX_PCB_1.00u,MX_SW_solder,tht,True
152.35,-109.5375,0.0,top,MX18,,SW_Cherry_MX_PCB_1.00u,MX_SW_solder,tht,True
171.35,-109.5375,0.0,top,MX19,,SW_Cherry_MX_PCB_1.00u,MX_SW_solder,tht,True
123.825,-85.725,0.0,top,MX2,,SW_Cherry_MX_PCB_1.00u,MX_SW_solder,tht,True
190.35,-109.5375,0.0,top,MX20,,SW_Cherry_MX_PCB_1.00u,MX_SW_solder,tht,True
219.075,-109.5375,0.0,top,MX21,,SW_Cherry_MX_PCB_1.00u,MX_SW_solder,tht,True
238.125,-109.5375,0.0,top,MX22,,SW_Cherry_MX_PCB_1.00u,MX_SW_solder,tht,True
257.175,-109.5375,0.0,top,MX23,,SW_Cherry_MX_PCB_1.00u,MX_SW_solder,tht,True
276.225,-109.5375,0.0,top,MX24,,SW_Cherry_MX_PCB_1.00u,MX_SW_solder,tht,True
304.8,-109.5375,0.0,top,MX25,,SW_Cherry_MX_PCB_1.00u,MX_SW_solder,tht,True
323.85,-109.5375,0.0,top,MX26,,SW_Cherry_MX_PCB_1.00u,MX_SW_solder,tht,True
342.9,-109.5375,0.0,top,MX27,,SW_Cherry_MX_PCB_1.00u,MX_SW_solder,tht,True
361.95,-109.5375,0.0,top,MX28,,SW_Cherry_MX_PCB_1.00u,MX_SW_solder,tht,True
385.7625,-109.5375,0.0,top,MX29,,SW_Cherry_MX_PCB_1.00u,MX_SW_solder,tht,True
147.6375,-85.725,0.0,top,MX3,,SW_Cherry_MX_PCB_1.00u,MX_SW_solder,tht,True
404.8125,-109.5375,0.0,top,MX30,,SW_Cherry_MX_PCB_1.00u,MX_SW_solder,tht,True
423.8625,-109.5375,0.0,top,MX31,,SW_Cherry_MX_PCB_1.00u,MX_SW_solder,tht,True
104.775,-133.35,0.0,top,MX32,,SW_Cherry_MX_PCB_1.00u,MX_SW_solder,tht,True
123.825,-133.35,0.0,top,MX33,,SW_Cherry_MX_PCB_1.00u,MX_SW_solder,tht,True
142.875,-133.35,0.0,top,MX34,,SW_Cherry_MX_PCB_1.00u,MX_SW_solder,tht,True
161.925,-133.35,0.0,top,MX35,,SW_Cherry_MX_PCB_1.00u,MX_SW_solder,tht,True
180.975,-133.35,0.0,top,MX36,,SW_Cherry_MX_PCB_1.00u,MX_SW_solder,tht,True
200.025,-133.35,0.0,top,MX37,,SW_Cherry_MX_PCB_1.00u,MX_SW_solder,tht,True
219.075,-133.35,0.0,top,MX38,,SW_Cherry_MX_PCB_1.00u,MX_SW_solder,tht,True
238.125,-133.35,0.0,top,MX39,,SW_Cherry_MX_PCB_1.00u,MX_SW_solder,tht,True
166.6875,-85.725,0.0,top,MX4,,SW_Cherry_MX_PCB_1.00u,MX_SW_solder,tht,True
257.175,-133.35,0.0,top,MX40,,SW_Cherry_MX_PCB_1.00u,MX_SW_solder,tht,True
276.225,-133.35,0.0,top,MX41,,SW_Cherry_MX_PCB_1.00u,MX_SW_solder,tht,True
295.275,-133.35,0.0,top,MX42,,SW_Cherry_MX_PCB_1.00u,MX_SW_solder,tht,True
314.325,-133.35,0.0,top,MX43,,SW_Cherry_MX_PCB_1.00u,MX_SW_solder,tht,True
333.375,-133.35,0.0,top,MX44,,SW_Cherry_MX_PCB_1.00u,MX_SW_solder,tht,True
361.95,-133.35,0.0,top,MX45,,SW_Cherry_MX_PCB_2.00u,MX_SW_solder,tht,True
404.8125,-133.35,0.0,top,MX46,,SW_Cherry_MX_PCB_1.00u,MX_SW_solder,tht,True
423.8625,-133.35,0.0,top,MX47,,SW_Cherry_MX_PCB_1.00u,MX_SW_solder,tht,True
109.5375,-152.4,0.0,top,MX48,,SW_Cherry_MX_PCB_1.50u,MX_SW_solder,tht,True
133.35,-152.4,0.0,top,MX49,,SW_Cherry_MX_PCB_1.00u,MX_SW_solder,tht,True
190.5,-85.725,0.0,top,MX5,,SW_Cherry_MX_PCB_1.00u,MX_SW_solder,tht,True
152.4,-152.4,0.0,top,MX50,,SW_Cherry_MX_PCB_1.00u,MX_SW_solder,tht,True
171.45,-152.4,0.0,top,MX51,,SW_Cherry_MX_PCB_1.00u,MX_SW_solder,tht,True
190.5,-152.4,0.0,top,MX52,,SW_Cherry_MX_PCB_1.00u,MX_SW_solder,tht,True
209.55,-152.4,0.0,top,MX53,,SW_Cherry_MX_PCB_1.00u,MX_SW_solder,tht,True
228.6,-152.4,0.0,top,MX54,,SW_Cherry_MX_PCB_1.00u,MX_SW_solder,tht,True
247.65,-152.4,0.0,top,MX55,,SW_Cherry_MX_PCB_1.00u,MX_SW_solder,tht,True
266.7,-152.4,0.0,top,MX56,,SW_Cherry_MX_PCB_1.00u,MX_SW_solder,tht,True
285.75,-152.4,0.0,top,MX57,,SW_Cherry_MX_PCB_1.00u,MX_SW_solder,tht,True
304.8,-152.4,0.0,top,MX58,,SW_Cherry_MX_PCB_1.00u,MX_SW_solder,tht,True
323.85,-152.4,0.0,top,MX59,,SW_Cherry_MX_PCB_1.00u,MX_SW_solder,tht,True
209.55,-85.725,0.0,top,MX6,,SW_Cherry_MX_PCB_1.00u,MX_SW_solder,tht,True
342.9,-152.4,0.0,top,MX60,,SW_Cherry_MX_PCB_1.00u,MX_SW_solder,tht,True
369.0938,-161.925,0.0,top,MX61,,SW_Cherry_MX_PCB_ISOEnter,MX_SW_solder,tht,True
404.8125,-152.4,0.0,top,MX62,,SW_Cherry_MX_PCB_1.00u,MX_SW_solder,tht,True
423.8625,-152.4,0.0,top,MX63,,SW_Cherry_MX_PCB_1.00u,MX_SW_solder,tht,True
111.9188,-171.45,0.0,top,MX64,,SW_Cherry_MX_PCB_1.75u,MX_SW_solder,tht,True
138.1125,-171.45,0.0,top,MX65,,SW_Cherry_MX_PCB_1.00u,MX_SW_solder,tht,True
157.1625,-171.45,0.0,top,MX66,,SW_Cherry_MX_PCB_1.00u,MX_SW_solder,tht,True
176.2125,-171.45,0.0,top,MX67,,SW_Cherry_MX_PCB_1.00u,MX_SW_solder,tht,True
195.2625,-171.45,0.0,top,MX68,,SW_Cherry_MX_PCB_1.00u,MX_SW_solder,tht,True
214.3125,-171.45,0.0,top,MX69,,SW_Cherry_MX_PCB_1.00u,MX_SW_solder,tht,True
233.3625,-85.725,0.0,top,MX7,,SW_Cherry_MX_PCB_1.00u,MX_SW_solder,tht,True
233.3625,-171.45,0.0,top,MX70,,SW_Cherry_MX_PCB_1.00u,MX_SW_solder,tht,True
252.4125,-171.45,0.0,top,MX71,,SW_Cherry_MX_PCB_1.00u,MX_SW_solder,tht,True
271.4625,-171.45,0.0,top,MX72,,SW_Cherry_MX_PCB_1.00u,MX_SW_solder,tht,True
290.5125,-171.45,0.0,top,MX73,,SW_Cherry_MX_PCB_1.00u,MX_SW_solder,tht,True
309.5625,-171.45,0.0,top,MX74,,SW_Cherry_MX_PCB_1.00u,MX_SW_solder,tht,True
328.6125,-171.45,0.0,top,MX75,,SW_Cherry_MX_PCB_1.00u,MX_SW_solder,tht,True
347.6625,-171.45,0.0,top,MX76,,SW_Cherry_MX_PCB_1.00u,MX_SW_solder,tht,True
404.8125,-171.45,0.0,top,MX77,,SW_Cherry_MX_PCB_1.00u,MX_SW_solder,tht,True
423.8625,-171.45,0.0,top,MX78,,SW_Cherry_MX_PCB_1.00u,MX_SW_solder,tht,True
107.1563,-190.5,0.0,top,MX79,,SW_Cherry_MX_PCB_1.25u,MX_SW_solder,tht,True
252.4125,-85.725,0.0,top,MX8,,SW_Cherry_MX_PCB_1.00u,MX_SW_solder,tht,True
128.5875,-190.5,0.0,top,MX80,,SW_Cherry_MX_PCB_1.00u,MX_SW_solder,tht,True
147.6375,-190.5,0.0,top,MX81,,SW_Cherry_MX_PCB_1.00u,MX_SW_solder,tht,True
166.6875,-190.5,0.0,top,MX82,,SW_Cherry_MX_PCB_1.00u,MX_SW_solder,tht,True
185.7375,-190.5,0.0,top,MX83,,SW_Cherry_MX_PCB_1.00u,MX_SW_solder,tht,True
204.7875,-190.5,0.0,top,MX84,,SW_Cherry_MX_PCB_1.00u,MX_SW_solder,tht,True
223.8375,-190.5,0.0,top,MX85,,SW_Cherry_MX_PCB_1.00u,MX_SW_solder,tht,True
242.8875,-190.5,0.0,top,MX86,,SW_Cherry_MX_PCB_1.00u,MX_SW_solder,tht,True
261.9375,-190.5,0.0,top,MX87,,SW_Cherry_MX_PCB_1.00u,MX_SW_solder,tht,True
280.9875,-190.5,0.0,top,MX88,,SW_Cherry_MX_PCB_1.00u,MX_SW_solder,tht,True
300.0375,-190.5,0.0,top,MX89,,SW_Cherry_MX_PCB_1.00u,MX_SW_solder,tht,True
276.225,-85.725,0.0,top,MX9,,SW_Cherry_MX_PCB_1.00u,MX_SW_solder,tht,True
319.0875,-190.5,0.0,top,MX90,,SW_Cherry_MX_PCB_1.00u,MX_SW_solder,tht,True
345.2813,-190.5,0.0,top,MX91,,SW_Cherry_MX_PCB_1.75u,MX_SW_solder,tht,True
371.475,-190.5,0.0,top,MX92,,SW_Cherry_MX_PCB_1.00u,MX_SW_solder,tht,True
423.8625,-190.5,0.0,top,MX93,,SW_Cherry_MX_PCB_1.00u,MX_SW_solder,tht,True
107.1563,-209.55,0.0,top,MX94,,SW_Cherry_MX_PCB_1.25u,MX_SW_solder,tht,True
130.9688,-209.55,0.0,top,MX95,,SW_Cherry_MX_PCB_1.25u,MX_SW_solder,tht,True
154.7813,-209.55,0.0,top,MX96,,SW_Cherry_MX_PCB_1.25u,MX_SW_solder,tht,True
226.2188,-209.55,0.0,top,MX97,,SW_Cherry_MX_PCB_6.25u,MX_SW_solder,tht,True
297.6563,-209.55,0.0,top,MX98,,SW_Cherry_MX_PCB_1.25u,MX_SW_solder,tht,True
321.4688,-209.55,0.0,top,MX99,,SW_Cherry_MX_PCB_1.25u,MX_SW_solder,tht,True
411.1874,-73.6703,45.0,top,R2,,R_0805_2012Metric_Pad1.20x1.40mm_HandSolder,22,smt,True
409.5999,-72.0828,45.0,top,R3,,R_0805_2012Metric_Pad1.20x1.40mm_HandSolder,22,smt,True
417.2844,-67.4687,-45.0,top,R4,,R_0805_2012Metric_Pad1.20x1.40mm_HandSolder,10k,smt,True
392.8445,-61.8507,-90.0,top,R5,,R_0805_2012Metric_Pad1.20x1.40mm_HandSolder,10k,smt,True
415.925,-214.5187,-90.0,top,R6,,R_0805_2012Metric_Pad1.20x1.40mm_HandSolder,350,smt,True
361.9818,-133.6375,0.0,top,S1,,Stabilizer_Cherry_MX_2.00u,MX_stab,tht,True
369.0938,-161.925,-90.0,top,S2,,Stabilizer_Cherry_MX_2.00u,MX_stab,tht,True
226.2188,-209.55,180.0,top,S3,,Stabilizer_Cherry_MX_6.25u,MX_stab,tht,True
421.2532,-63.5,45.0,top,SW1,,SKQG-1155865,SW_Push,smt,True
404.7507,-61.8507,135.0,top,U1,,TQFP-44_10x10mm_P0.8mm,ATmega32U4-A,smt,True
413.8585,-55.7746,-135.0,top,Y1,,Crystal_SMD_3225-4Pin_3.2x2.5mm_HandSoldering,16MHz,smt,True
