﻿designator,quantity,value,pack,mpn,mount_type
?,1,?,VesselLogoPCB,,tht
"C1, C3",2,22pF,C_0805_2012Metric_Pad1.18x1.45mm_HandSolder,,smt
C2,1,1uf,C_0805_2012Metric_Pad1.18x1.45mm_HandSolder,,smt
C5,1,22uF,C_0805_2012Metric_Pad1.18x1.45mm_HandSolder,,smt
"D1, D10, D100, D101, D102, D11, D12, D13, D14, D15, D16, D17, D18, D19, D2, D20, D21, D22, D23, D24, D25, D26, D27, D28, D29, D3, D30, D31, D32, D33, D34, D35, D36, D37, D38, D39, D4, D40, D41, D42, D43, D44, D45, D46, D47, D48, D49, D5, D50, D51, D52, D53, D54, D55, D56, D57, D58, D59, D6, D60, D61, D62, D63, D64, D65, D66, D67, D68, D69, D7, D70, D71, D72, D73, D74, D75, D76, D77, D78, D79, D8, D80, D81, D82, D83, D84, D85, D86, D87, D88, D89, D9, D90, D91, D92, D93, D94, D95, D96, D97, D98, D99",102,D_Small,D_SOD-123,,smt
D103,1,Inolux_IN-PI554FCH,LED_Inolux_IN-PI554FCH_PLCC4_5.0x5.0mm_P3.2mm,,smt
F2,1,500mA,Fuse_1206_3216Metric_Pad1.42x1.75mm_HandSolder,,smt
J1,1,USB_B_Mini,USB_Mini-B_Lumberg_2486_01_Horizontal,,smt
"MX1, MX10, MX100, MX101, MX102, MX11, MX12, MX13, MX14, MX15, MX16, MX17, MX18, MX19, MX2, MX20, MX21, MX22, MX23, MX24, MX25, MX26, MX27, MX28, MX29, MX3, MX30, MX31, MX32, MX33, MX34, MX35, MX36, MX37, MX38, MX39, MX4, MX40, MX41, MX42, MX43, MX44, MX46, MX47, MX49, MX5, MX50, MX51, MX52, MX53, MX54, MX55, MX56, MX57, MX58, MX59, MX6, MX60, MX62, MX63, MX65, MX66, MX67, MX68, MX69, MX7, MX70, MX71, MX72, MX73, MX74, MX75, MX76, MX77, MX78, MX8, MX80, MX81, MX82, MX83, MX84, MX85, MX86, MX87, MX88, MX89, MX9, MX90, MX92, MX93",90,MX_SW_solder,SW_Cherry_MX_PCB_1.00u,,tht
MX45,1,MX_SW_solder,SW_Cherry_MX_PCB_2.00u,,tht
MX48,1,MX_SW_solder,SW_Cherry_MX_PCB_1.50u,,tht
MX61,1,MX_SW_solder,SW_Cherry_MX_PCB_ISOEnter,,tht
"MX64, MX91",2,MX_SW_solder,SW_Cherry_MX_PCB_1.75u,,tht
"MX79, MX94, MX95, MX96, MX98, MX99",6,MX_SW_solder,SW_Cherry_MX_PCB_1.25u,,tht
MX97,1,MX_SW_solder,SW_Cherry_MX_PCB_6.25u,,tht
"R2, R3",2,22,R_0805_2012Metric_Pad1.20x1.40mm_HandSolder,,smt
"R4, R5",2,10k,R_0805_2012Metric_Pad1.20x1.40mm_HandSolder,,smt
R6,1,350,R_0805_2012Metric_Pad1.20x1.40mm_HandSolder,,smt
"S1, S2",2,MX_stab,Stabilizer_Cherry_MX_2.00u,,tht
S3,1,MX_stab,Stabilizer_Cherry_MX_6.25u,,tht
SW1,1,SW_Push,SKQG-1155865,,smt
U1,1,ATmega32U4-A,TQFP-44_10x10mm_P0.8mm,,smt
Y1,1,16MHz,Crystal_SMD_3225-4Pin_3.2x2.5mm_HandSoldering,,smt
